{"capture_base":"EA55HL_rZZ8_dL5Fws-Et7wfAGlsVHBJjMzrYaLEjV1k","type":"spec/overlays/character_encoding/1.0","default_character_encoding":"utf-8","attr_character_encoding":{"analysis_software_name":"utf-8","analysis_software_version":"utf-8","antimicrobial_agent":"utf-8","contig":"utf-8","coverage_depth":"utf-8","coverage_percent":"utf-8","coverage_positions":"utf-8","drug_class":"utf-8","input_file_name":"utf-8","reference_accession":"utf-8","reference_database":"utf-8","reference_database_version":"utf-8","reference_length":"utf-8","resistance_gene_name":"utf-8","resistance_gene_symbol":"utf-8","resistance_mechanism":"utf-8","sample_id":"utf-8","sequence_identity":"utf-8","start":"utf-8","stop":"utf-8","strand_orientation":"utf-8","target_length":"utf-8"}}