{"capture_base":"EA55HL_rZZ8_dL5Fws-Et7wfAGlsVHBJjMzrYaLEjV1k","type":"spec/overlays/information/1.0","language":"en","attr_information":{"analysis_software_name":"The name of a computer package, application, method or function. (Example: \"AMRFinderPlus\")","analysis_software_version":"A version number is a unique number or set of numbers assigned to a specific release of a software program, file, firmware, device driver, or even hardware. Typically, as updates and entirely new editions of a program or driver are released, the version number will increase. (Example: \"0.1.0\")","antimicrobial_agent":"A substance that kills or slows the growth of microorganisms, including bacteria, viruses, fungi and protozoans. (Example: \"\")","contig":"The identifier specifying a particular contig in a collection. (Example: \"DAAGAT010000041.1\")","coverage_depth":"Coverage (read depth or depth) is the average number of reads representing a given nucleotide in the reconstructed sequence, described as fold coverage. (Example: 0)","coverage_percent":"The percentage of the positions in the reference molecular sequence that can be aligned with the target molecular sequence. (Example: 100)","coverage_positions":"The range of the positions in the reference molecular sequence that can be aligned with the target molecular sequence. (Example: \"\")","drug_class":"A set of medications and other compounds that have similar chemical structures, the same mechanism of action (i.e., bind to the same biological target), a related mode of action, and/or are used to treat the same disease. (Example: \"PHENICOL\")","input_file_name":"The filename containing molecular sequence data. (Example: \"SAMEA6058467.assembly.fasta\")","reference_accession":"A persistent, unique identifier of a molecular sequence database entry. (Example: \"WP_000412211.1\")","reference_database":"Database containing references genomes for genome annotation, gene identification, characterization etc. (Example: \"\")","reference_database_version":"Version of a particular database. (Example: \"\")","reference_length":"The length (number of positions) of the molecular sequence retrieved from the reference database. (Example: 0)","resistance_gene_name":"The name of a gene, (typically) assigned by a person and/or according to a naming scheme. It may contain white space characters and is typically more intuitive and readable than a gene symbol. It (typically) may be used to identify similar genes in different species and to derive a gene symbol. (Example: \"type A-1 chloramphenicol O-acetyltransferase\")","resistance_gene_symbol":"The short name of a gene; a single word that does not contain white space characters. It is typically derived from the gene name. (Example: \"catA1\")","resistance_mechanism":"Cellular processes in a pathogen that result in antimicrobial drug resistance. (Example: \"\")","sample_id":"An identifier for the sample that is the subject of the analysis. (Example: \"SAMEA6058467\")","sequence_identity":"Sequence identity is the number (%) of matches (identical characters) in positions from an alignment of two molecular sequences. (Example: 100)","start":"The position within the reference sequence that corresponds to the first nucleotide in the first codon of the user submitted sequence. (Example: 222)","stop":"The last nucleotide of the termination codon in the user submitted sequence. (Example: 878)","strand_orientation":"The orientation of a genomic element on the double stranded molecule. (Example(s): \"+\", \"plus\")","target_length":"The length (number of positions) of the molecular sequence being analyzed. (Example: 219)"}}