{"type":"spec/capture_base/1.0","classification":"GICS:20202020","attributes":{"analysis_software_name":"Text","analysis_software_version":"Text","antimicrobial_agent":"Text","contig":"Text","coverage_depth":"Numeric","coverage_percent":"Numeric","coverage_positions":"Text","drug_class":"Text","input_file_name":"Text","reference_accession":"Text","reference_database":"Text","reference_database_version":"Text","reference_length":"Numeric","resistance_gene_name":"Text","resistance_gene_symbol":"Text","resistance_mechanism":"Text","sample_id":"Text","sequence_identity":"Numeric","start":"Numeric","stop":"Numeric","strand_orientation":"Text","target_length":"Numeric"},"flagged_attributes":[]}