{"capture_base":"EA55HL_rZZ8_dL5Fws-Et7wfAGlsVHBJjMzrYaLEjV1k","type":"spec/overlays/label/1.0","language":"en","attr_labels":{"analysis_software_name":"analysis_software_name schema","analysis_software_version":"analysis_software_version schema","antimicrobial_agent":"antimicrobial_agent schema","contig":"contig schema","coverage_depth":"coverage_depth schema","coverage_percent":"coverage_percent schema","coverage_positions":"coverage_positions schema","drug_class":"drug_class schema","input_file_name":"input_file_name schema","reference_accession":"reference_accession schema","reference_database":"reference_database schema","reference_database_version":"reference_database_version schema","reference_length":"reference_length schema","resistance_gene_name":"resistance_gene_name schema","resistance_gene_symbol":"resistance_gene_symbol schema","resistance_mechanism":"resistance_mechanism schema","sample_id":"sample_id schema","sequence_identity":"sequence_identity schema","start":"start schema","stop":"stop schema","strand_orientation":"strand_orientation schema","target_length":"target_length schema"},"attr_categories":[],"cat_labels":{}}