{"capture_base":"EA55HL_rZZ8_dL5Fws-Et7wfAGlsVHBJjMzrYaLEjV1k","type":"spec/overlays/label/1.0","language":"fr","attr_labels":{"analysis_software_name":"schéma analysis_software_name","analysis_software_version":"schéma analysis_software_version","antimicrobial_agent":"schéma antimicrobial_agent","contig":"schéma contig","coverage_depth":"schéma coverage_depth","coverage_percent":"schéma coverage_percent","coverage_positions":"schéma coverage_positions","drug_class":"schéma drug_class","input_file_name":"schéma input_file_name","reference_accession":"schéma reference_accession","reference_database":"schéma reference_database","reference_database_version":"schéma reference_database_version","reference_length":"schéma reference_length","resistance_gene_name":"schéma resistance_gene_name","resistance_gene_symbol":"schéma resistance_gene_symbol","resistance_mechanism":"schéma resistance_mechanism","sample_id":"schéma sample_id","sequence_identity":"schéma sequence_identity","start":"schéma start","stop":"schéma stop","strand_orientation":"schéma strand_orientation","target_length":"schéma target_length"},"attr_categories":[],"cat_labels":{}}