{"capture_base":"EA55HL_rZZ8_dL5Fws-Et7wfAGlsVHBJjMzrYaLEjV1k","type":"spec/overlays/information/1.0","language":"fr","attr_information":{"analysis_software_name":"Le nom d'un progiciel informatique, d'une application, d'une méthode ou d'une fonction. (Exemple: \"AMRFinderPlus\")","analysis_software_version":"Un numéro de version est un numéro unique ou un ensemble de numéros attribué à une version spécifique d'un logiciel, d'un fichier, d'un micrologiciel, d'un pilote de périphérique ou même d'un matériel. En règle générale, à mesure que des mises à jour et des éditions entièrement nouvelles d'un programme ou d'un pilote sont publiées, le numéro de version augmente. (Exemple: \"0.1.0\")","antimicrobial_agent":"Une substance qui tue ou ralentit la croissance des micro-organismes, y compris les bactéries, les virus, les champignons et les protozoaires. (Exemple: \"\")","contig":"L'identifiant spécifiant un contig particulier dans une collection. (Exemple: \"DAAGAT010000041.1\")","coverage_depth":"La couverture (profondeur de lecture ou profondeur) est le nombre moyen de lectures représentant un nucléotide donné dans la séquence reconstruite, décrite comme une couverture de pli. (Exemple: 0)","coverage_percent":"Le pourcentage des positions dans la séquence moléculaire de référence qui peuvent être alignées avec la séquence moléculaire cible. (Exemple: 100)","coverage_positions":"La plage des positions dans la séquence moléculaire de référence qui peuvent être alignées avec la séquence moléculaire cible. (Exemple: \"\")","drug_class":"Ensemble de médicaments et d'autres composés qui ont des structures chimiques similaires, le même mécanisme d'action (c'est-à-dire se lient à la même cible biologique), un mode d'action connexe et/ou sont utilisés pour traiter la même maladie. (Exemple: \"PHÉNICOL\")","input_file_name":"Le nom de fichier contenant les données de séquence moléculaire. (Exemple: \"SAMEA6058467.assembly.fasta\")","reference_accession":"Identifiant persistant et unique d'une entrée de base de données de séquences moléculaires. (Exemple: \"WP_000412211.1\")","reference_database":"Base de données contenant des génomes de référence pour l'annotation des génomes, l'identification des gènes, la caractérisation etc. (Exemple: \"\")","reference_database_version":"Version d'une base de données particulière. (Exemple: \"\")","reference_length":"La longueur (nombre de positions) de la séquence moléculaire extraite de la base de données de référence. (Exemple: 0)","resistance_gene_name":"Le nom d'un gène, (typiquement) attribué par une personne et/ou selon un schéma de nommage. Il peut contenir des espaces blancs et est généralement plus intuitif et lisible qu'un symbole de gène. Il peut (généralement) être utilisé pour identifier des gènes similaires dans différentes espèces et pour dériver un symbole de gène. (Exemple: \"type A-1 chloramphénicol O-acétyltransférase\")","resistance_gene_symbol":"Le nom abrégé d'un gène; un seul mot qui ne contient pas d'espaces blancs. Il est généralement dérivé du nom du gène. (Exemple: \"catA1\")","resistance_mechanism":"Processus cellulaires chez un agent pathogène qui entraînent une résistance aux antimicrobiens. (Exemple: \"\")","sample_id":"Un identifiant pour l'échantillon qui fait l'objet de l'analyse. (Exemple: \"SAMEA6058467\")","sequence_identity":"L'identité de séquence est le nombre (%) de correspondances (caractères identiques) dans les positions d'un alignement de deux séquences moléculaires. (Exemple: 100)","start":"La position dans la séquence de référence qui correspond au premier nucléotide dans le premier codon de la séquence soumise par l'utilisateur. (Exemple: 222)","stop":"Le dernier nucléotide du codon de terminaison dans la séquence soumise par l'utilisateur. (Exemple: 878)","strand_orientation":"L'orientation d'un élément génomique sur la molécule double brin. (Exemple(s): \"+\", \"plus\")","target_length":"La longueur (nombre de positions) de la séquence moléculaire analysée. (Exemple: 219)"}}