{"capture_base":"EA55HL_rZZ8_dL5Fws-Et7wfAGlsVHBJjMzrYaLEjV1k","type":"spec/overlays/format/1.0","attr_formats":{"analysis_software_name":"String","analysis_software_version":"String","antimicrobial_agent":"String","contig":"String","coverage_depth":"Number","coverage_percent":"Number","coverage_positions":"String","drug_class":"String","input_file_name":"String","reference_accession":"String","reference_database":"String","reference_database_version":"String","reference_length":"Integer","resistance_gene_name":"String","resistance_gene_symbol":"String","resistance_mechanism":"String","sample_id":"String","sequence_identity":"Number","start":"Integer","stop":"Integer","strand_orientation":"String","target_length":"Integer"}}