{"capture_base":"EA55HL_rZZ8_dL5Fws-Et7wfAGlsVHBJjMzrYaLEjV1k","type":"spec/overlays/credential_layout/1.0","layout":{"version":"beta-1","config":{"css":{"width":"630px","height":"2860px","style":".language-select {\n  margin: 2px 0;\n  background-color: white;\n  border-radius: 3px;\n  border-width: 1px;\n  width: 100px;\n  height: 1.75em;\n  float: right;\n} body {\n  background-color: white;\n  font-family: 'Lato', 'sans-serif';\n  color: rgb(87, 87, 86);\n  padding: 20px;\n  border: 1px solid rgba(0, 0, 0, .1);\n  border-radius: 5px;\n  box-shadow: 0 5px 8px 0 rgb(0 0 0 / 10%), 0 3px 10px 0 rgb(0 0 0 / 10%);\n} ._category h1, h2, h3, h4, h5, h6 {\n  font-size: 14px;\n  font-weight: 500;\n  line-height: 1.15em;\n  margin: 0.3em 0;\n} ._category h1 { font-size: 22px; } ._category h2 { font-size: 18px; } ._category {\n  border: 0;\n  border-bottom: 2px dashed rgba(0, 0, 0, .4);\n  margin: 10px 0 20px 0;\n} ._attribute {\n  border: 1px dashed rgba(0,0,0,0.3);\n  min-height: 2em;\n  line-height: 2em;\n  border-radius: 3px;\n  padding: 0 10px;\n  margin: 0.5em 0;\n} ._information {\n  color: rgb(106, 106, 106);\n  overflow-wrap: anywhere;\n  font-size: 14px;\n  font-style: italic;\n  line-height: 1.5;\n  text-align: justify;\n}"}},"pages":[{"config":{"name":"Credential"},"elements":[{"type":"row","elements":[{"type":"col","elements":[{"type":"oca-name","config":{"css":{"style":"font-size: 24px; font-weight: 700; margin-bottom: 10px;"}}}]}]},{"type":"row","elements":[{"type":"col","elements":[{"type":"oca-description","config":{"css":{"style":"font-size: 16px; font-weight: 300; line-height: 1.5;"}}}]}]},{"type":"row","elements":[{"type":"col","elements":[{"type":"label","name":"sample_id"}]}]},{"type":"row","elements":[{"type":"col","elements":[{"type":"attribute","name":"sample_id","config":{"css":{"classes":["_attribute"]}}}]}]},{"type":"row","elements":[{"type":"col","elements":[{"type":"information","name":"sample_id","config":{"css":{"classes":["_information"]}}}]}]},{"type":"row","elements":[{"type":"col","elements":[{"type":"label","name":"input_file_name"}]}]},{"type":"row","elements":[{"type":"col","elements":[{"type":"attribute","name":"input_file_name","config":{"css":{"classes":["_attribute"]}}}]}]},{"type":"row","elements":[{"type":"col","elements":[{"type":"information","name":"input_file_name","config":{"css":{"classes":["_information"]}}}]}]},{"type":"row","elements":[{"type":"col","elements":[{"type":"label","name":"contig"}]}]},{"type":"row","elements":[{"type":"col","elements":[{"type":"attribute","name":"contig","config":{"css":{"classes":["_attribute"]}}}]}]},{"type":"row","elements":[{"type":"col","elements":[{"type":"information","name":"contig","config":{"css":{"classes":["_information"]}}}]}]},{"type":"row","elements":[{"type":"col","elements":[{"type":"label","name":"start"}]}]},{"type":"row","elements":[{"type":"col","elements":[{"type":"attribute","name":"start","config":{"css":{"classes":["_attribute"]}}}]}]},{"type":"row","elements":[{"type":"col","elements":[{"type":"information","name":"start","config":{"css":{"classes":["_information"]}}}]}]},{"type":"row","elements":[{"type":"col","elements":[{"type":"label","name":"stop"}]}]},{"type":"row","elements":[{"type":"col","elements":[{"type":"attribute","name":"stop","config":{"css":{"classes":["_attribute"]}}}]}]},{"type":"row","elements":[{"type":"col","elements":[{"type":"information","name":"stop","config":{"css":{"classes":["_information"]}}}]}]},{"type":"row","elements":[{"type":"col","elements":[{"type":"label","name":"strand_orientation"}]}]},{"type":"row","elements":[{"type":"col","elements":[{"type":"attribute","name":"strand_orientation","config":{"css":{"classes":["_attribute"]}}}]}]},{"type":"row","elements":[{"type":"col","elements":[{"type":"information","name":"strand_orientation","config":{"css":{"classes":["_information"]}}}]}]},{"type":"row","elements":[{"type":"col","elements":[{"type":"label","name":"resistance_gene_symbol"}]}]},{"type":"row","elements":[{"type":"col","elements":[{"type":"attribute","name":"resistance_gene_symbol","config":{"css":{"classes":["_attribute"]}}}]}]},{"type":"row","elements":[{"type":"col","elements":[{"type":"information","name":"resistance_gene_symbol","config":{"css":{"classes":["_information"]}}}]}]},{"type":"row","elements":[{"type":"col","elements":[{"type":"label","name":"resistance_gene_name"}]}]},{"type":"row","elements":[{"type":"col","elements":[{"type":"attribute","name":"resistance_gene_name","config":{"css":{"classes":["_attribute"]}}}]}]},{"type":"row","elements":[{"type":"col","elements":[{"type":"information","name":"resistance_gene_name","config":{"css":{"classes":["_information"]}}}]}]},{"type":"row","elements":[{"type":"col","elements":[{"type":"label","name":"coverage_positions"}]}]},{"type":"row","elements":[{"type":"col","elements":[{"type":"attribute","name":"coverage_positions","config":{"css":{"classes":["_attribute"]}}}]}]},{"type":"row","elements":[{"type":"col","elements":[{"type":"information","name":"coverage_positions","config":{"css":{"classes":["_information"]}}}]}]},{"type":"row","elements":[{"type":"col","elements":[{"type":"label","name":"coverage_depth"}]}]},{"type":"row","elements":[{"type":"col","elements":[{"type":"attribute","name":"coverage_depth","config":{"css":{"classes":["_attribute"]}}}]}]},{"type":"row","elements":[{"type":"col","elements":[{"type":"information","name":"coverage_depth","config":{"css":{"classes":["_information"]}}}]}]},{"type":"row","elements":[{"type":"col","elements":[{"type":"label","name":"coverage_percent"}]}]},{"type":"row","elements":[{"type":"col","elements":[{"type":"attribute","name":"coverage_percent","config":{"css":{"classes":["_attribute"]}}}]}]},{"type":"row","elements":[{"type":"col","elements":[{"type":"information","name":"coverage_percent","config":{"css":{"classes":["_information"]}}}]}]},{"type":"row","elements":[{"type":"col","elements":[{"type":"label","name":"sequence_identity"}]}]},{"type":"row","elements":[{"type":"col","elements":[{"type":"attribute","name":"sequence_identity","config":{"css":{"classes":["_attribute"]}}}]}]},{"type":"row","elements":[{"type":"col","elements":[{"type":"information","name":"sequence_identity","config":{"css":{"classes":["_information"]}}}]}]},{"type":"row","elements":[{"type":"col","elements":[{"type":"label","name":"reference_database"}]}]},{"type":"row","elements":[{"type":"col","elements":[{"type":"attribute","name":"reference_database","config":{"css":{"classes":["_attribute"]}}}]}]},{"type":"row","elements":[{"type":"col","elements":[{"type":"information","name":"reference_database","config":{"css":{"classes":["_information"]}}}]}]},{"type":"row","elements":[{"type":"col","elements":[{"type":"label","name":"reference_database_version"}]}]},{"type":"row","elements":[{"type":"col","elements":[{"type":"attribute","name":"reference_database_version","config":{"css":{"classes":["_attribute"]}}}]}]},{"type":"row","elements":[{"type":"col","elements":[{"type":"information","name":"reference_database_version","config":{"css":{"classes":["_information"]}}}]}]},{"type":"row","elements":[{"type":"col","elements":[{"type":"label","name":"reference_accession"}]}]},{"type":"row","elements":[{"type":"col","elements":[{"type":"attribute","name":"reference_accession","config":{"css":{"classes":["_attribute"]}}}]}]},{"type":"row","elements":[{"type":"col","elements":[{"type":"information","name":"reference_accession","config":{"css":{"classes":["_information"]}}}]}]},{"type":"row","elements":[{"type":"col","elements":[{"type":"label","name":"reference_length"}]}]},{"type":"row","elements":[{"type":"col","elements":[{"type":"attribute","name":"reference_length","config":{"css":{"classes":["_attribute"]}}}]}]},{"type":"row","elements":[{"type":"col","elements":[{"type":"information","name":"reference_length","config":{"css":{"classes":["_information"]}}}]}]},{"type":"row","elements":[{"type":"col","elements":[{"type":"label","name":"target_length"}]}]},{"type":"row","elements":[{"type":"col","elements":[{"type":"attribute","name":"target_length","config":{"css":{"classes":["_attribute"]}}}]}]},{"type":"row","elements":[{"type":"col","elements":[{"type":"information","name":"target_length","config":{"css":{"classes":["_information"]}}}]}]},{"type":"row","elements":[{"type":"col","elements":[{"type":"label","name":"drug_class"}]}]},{"type":"row","elements":[{"type":"col","elements":[{"type":"attribute","name":"drug_class","config":{"css":{"classes":["_attribute"]}}}]}]},{"type":"row","elements":[{"type":"col","elements":[{"type":"information","name":"drug_class","config":{"css":{"classes":["_information"]}}}]}]},{"type":"row","elements":[{"type":"col","elements":[{"type":"label","name":"antimicrobial_agent"}]}]},{"type":"row","elements":[{"type":"col","elements":[{"type":"attribute","name":"antimicrobial_agent","config":{"css":{"classes":["_attribute"]}}}]}]},{"type":"row","elements":[{"type":"col","elements":[{"type":"information","name":"antimicrobial_agent","config":{"css":{"classes":["_information"]}}}]}]},{"type":"row","elements":[{"type":"col","elements":[{"type":"label","name":"resistance_mechanism"}]}]},{"type":"row","elements":[{"type":"col","elements":[{"type":"attribute","name":"resistance_mechanism","config":{"css":{"classes":["_attribute"]}}}]}]},{"type":"row","elements":[{"type":"col","elements":[{"type":"information","name":"resistance_mechanism","config":{"css":{"classes":["_information"]}}}]}]},{"type":"row","elements":[{"type":"col","elements":[{"type":"label","name":"analysis_software_name"}]}]},{"type":"row","elements":[{"type":"col","elements":[{"type":"attribute","name":"analysis_software_name","config":{"css":{"classes":["_attribute"]}}}]}]},{"type":"row","elements":[{"type":"col","elements":[{"type":"information","name":"analysis_software_name","config":{"css":{"classes":["_information"]}}}]}]},{"type":"row","elements":[{"type":"col","elements":[{"type":"label","name":"analysis_software_version"}]}]},{"type":"row","elements":[{"type":"col","elements":[{"type":"attribute","name":"analysis_software_version","config":{"css":{"classes":["_attribute"]}}}]}]},{"type":"row","elements":[{"type":"col","elements":[{"type":"information","name":"analysis_software_version","config":{"css":{"classes":["_information"]}}}]}]}]}]}}