{
  "files": {
    "[EKmZWuURpiUdl_YAMGQbLiossAntKt1DJ0gmUMYSz7Yo] character_encoding": "EZ7L2CYGdPtOszPGi3wZeM2u7dAxrJFSS2L9imJt26Ng",
    "[EKmZWuURpiUdl_YAMGQbLiossAntKt1DJ0gmUMYSz7Yo] conformance": "ET5_9Z-urmY5jyVaW9aLsqcbB4dQULqca5pieFPsh0bE",
    "[EKmZWuURpiUdl_YAMGQbLiossAntKt1DJ0gmUMYSz7Yo] credential_layout": "EQK-2d4u_E-ZJzGGq20HRV8NAT9IG-mDyDbJB5q5IWz8",
    "[EKmZWuURpiUdl_YAMGQbLiossAntKt1DJ0gmUMYSz7Yo] entry_code": "EH74oJIKgMdiH0BSJNHwitpJTprmmVEr7CenzfKllCJ8",
    "[EKmZWuURpiUdl_YAMGQbLiossAntKt1DJ0gmUMYSz7Yo] form_layout": "E6DkHU8Tv1LdA0OOzo15viNqiO4XgIfud4Ir7LkVjKA4",
    "[EKmZWuURpiUdl_YAMGQbLiossAntKt1DJ0gmUMYSz7Yo] format": "EgirNtQeubjWaXpSzvpvUOIF6KdQ3wOmzHRPQ8LYRpLg",
    "[EKmZWuURpiUdl_YAMGQbLiossAntKt1DJ0gmUMYSz7Yo] meta (en)": "EvSpiDe3ZXAz8XMWCwHJBPsumrMUVkmLSXAyOxIe4G5g",
    "[EKmZWuURpiUdl_YAMGQbLiossAntKt1DJ0gmUMYSz7Yo] unit": "EkL8NAujrmJe0z5ttn1CZGR5RkrC8fEk8g1dBz3K8MCk",
    "capture_base-0": "EKmZWuURpiUdl_YAMGQbLiossAntKt1DJ0gmUMYSz7Yo"
  },
  "root": "EKmZWuURpiUdl_YAMGQbLiossAntKt1DJ0gmUMYSz7Yo"
}