{
  "files": {
    "[EA55HL_rZZ8_dL5Fws-Et7wfAGlsVHBJjMzrYaLEjV1k] character_encoding": "E4vLmxUzMshnNTjxeucZ67qwuK_RLdWnuEU88o49At4o",
    "[EA55HL_rZZ8_dL5Fws-Et7wfAGlsVHBJjMzrYaLEjV1k] credential_layout": "ExdE4bdKC2AwZ2iV8o3-5o7dV0TNfPGWh6dXs4JzHZ3s",
    "[EA55HL_rZZ8_dL5Fws-Et7wfAGlsVHBJjMzrYaLEjV1k] form_layout": "Es4OGetlz6_-w85imriu1wvHHwI_A7zhg4AB7O6rNRMc",
    "[EA55HL_rZZ8_dL5Fws-Et7wfAGlsVHBJjMzrYaLEjV1k] format": "EwhZrxautx6_cil8dFFN6S5r4snhlVHBMni9fQ-pBT9I",
    "[EA55HL_rZZ8_dL5Fws-Et7wfAGlsVHBJjMzrYaLEjV1k] information (en)": "E5wOzbu-qcbiUGGs7d9wkxFLqm0FXNKNMnI2crxvp95Y",
    "[EA55HL_rZZ8_dL5Fws-Et7wfAGlsVHBJjMzrYaLEjV1k] information (fr)": "EWBH1m6WdsnNYBF5FDNCSxf3uj8cbMXzMpUuiSO6lXPE",
    "[EA55HL_rZZ8_dL5Fws-Et7wfAGlsVHBJjMzrYaLEjV1k] label (en)": "EqXvj94g7V0MK2zjzaRABUCUg0248B5cKIQ6r8Svobvg",
    "[EA55HL_rZZ8_dL5Fws-Et7wfAGlsVHBJjMzrYaLEjV1k] label (fr)": "EWAfOon7VuUsn_QHuiuZ_PEsL4sRCUuT5ULNV0i1yQnE",
    "[EA55HL_rZZ8_dL5Fws-Et7wfAGlsVHBJjMzrYaLEjV1k] meta (en)": "EG3z0Zjg0PXAXFQwXS6XKB-GGDPkwpIQguRGA9xewadE",
    "[EA55HL_rZZ8_dL5Fws-Et7wfAGlsVHBJjMzrYaLEjV1k] meta (fr)": "ESbvMsoaK5S36AazO_tU3yBnkdS570FGNRpgtederQ-Y",
    "capture_base-0": "EA55HL_rZZ8_dL5Fws-Et7wfAGlsVHBJjMzrYaLEjV1k"
  },
  "root": "EA55HL_rZZ8_dL5Fws-Et7wfAGlsVHBJjMzrYaLEjV1k"
}