{"capture_base":"E9V_1S5JwM9HA5qut8xfKlZLKuZTCJlEzQFNJs4MbBuY","digest":"EAgkrTWkdbsjulEKPVkx4_rtJ4a2DUs32pJWPV2Zz3Ow","type":"spec/overlays/character_encoding/1.0","default_character_encoding":"utf-8","attribute_character_encoding":{"assigner":"utf-8","code":"utf-8","device":"utf-8","effectiveDateTime":"utf-8","identifier":"utf-8","issued":"utf-8","performer":"utf-8","profile":"utf-8","resourceType":"utf-8","status":"utf-8","subject":"utf-8","valueQuantity_14745-4":"utf-8","valueQuantity_9059-7":"utf-8"}}