{"capture_base":"E9V_1S5JwM9HA5qut8xfKlZLKuZTCJlEzQFNJs4MbBuY","digest":"Ebqc7a6YoqPTa7tEDcdrooLxpQXKsomhSRZ3gcOEt_cQ","type":"spec/overlays/label/1.0","language":"en","attribute_labels":{"assigner":"Organization that issued id (may be just text)","code":"Type of observation (code / type)","device":"(Measurement) Device","effectiveDateTime":"Clinically relevant Date/Time for observation","identifier":"Business Identifier for observation","issued":"Date/Time this version was made available","performer":"Who is responsible for the observation","profile":"Profiles this resource claims to conform to","resourceType":"Resource type","status":"registered / preliminary / final / amended +","subject":"Who and/or what the observation is about","valueQuantity_14745-4":"Actual result","valueQuantity_9059-7":"Actual result"},"attribute_categories":[],"category_labels":{}}