{"capture_base":"E9V_1S5JwM9HA5qut8xfKlZLKuZTCJlEzQFNJs4MbBuY","digest":"EbypqaG_Bw_UthQmvBpAQQBfcmFHoua8UNxX16NWEW4M","type":"spec/overlays/entry/1.0","language":"en","attribute_entries":{"code":{"14745-4":"Glucose [Moles/volume] in Body fluid","9059-7":"Carbohydrate intake Estimated"},"profile":{"http":"//roche.com/fhir/rdc/StructureDefinition/medication-administration"},"resourceType":{"MedicationAdministration":"Medication Administration","Observation":"Observation"},"status":{"amended":"Amended","completed":"Completed","final":"Final","preliminary":"Preliminary","registered":"Registered"}}}