{"capture_base":"E9V_1S5JwM9HA5qut8xfKlZLKuZTCJlEzQFNJs4MbBuY","digest":"EGjvm7jVYP9b246G2RJphUq_1enQohpZ528jophwKa4g","type":"spec/overlays/label/1.0","language":"fi","attribute_labels":{"assigner":"Tunnuksen myöntänyt organisaatio (voi olla vain tekstiä)","code":"Havainnon tyyppi (koodi / tyyppi)","device":"(Mittaus) Laite","effectiveDateTime":"Kliinisesti merkityksellinen tarkkailun päivämäärä/aika","identifier":"Yrityksen tunniste havainnointia varten","issued":"Päivämäärä/aika, jolloin tämä versio julkaistiin","performer":"Kuka vastaa havainnoista","profile":"Profiilit, joita tämä resurssi väittää noudattavan","resourceType":"Resurssin tyyppi","status":"rekisteröity / alustava / lopullinen / muutettu +","subject":"Kenestä ja/tai mistä havainnolla on kyse","valueQuantity_14745-4":"Todellinen tulos","valueQuantity_9059-7":"Todellinen tulos"},"attribute_categories":[],"category_labels":{}}