{"capture_base":"EiOrlopRpEr0AoUTR6f6JanulaFAT3aqtG79ZyaNpdO4","type":"spec/overlays/credential_layout/1.0","layout":{"version":"beta-1","config":{"css":{"width":"630px","height":"650px","style":".language-select {\n  margin: 2px 0;\n  background-color: white;\n  border-radius: 3px;\n  border-width: 1px;\n  width: 100px;\n  height: 1.75em;\n  float: right;\n} body {\n  background-color: white;\n  font-family: 'Lato', 'sans-serif';\n  color: rgb(87, 87, 86);\n  padding: 20px;\n  border: 1px solid rgba(0, 0, 0, .1);\n  border-radius: 5px;\n  box-shadow: 0 5px 8px 0 rgb(0 0 0 / 10%), 0 3px 10px 0 rgb(0 0 0 / 10%);\n} ._category h1, h2, h3, h4, h5, h6 {\n  font-size: 14px;\n  font-weight: 500;\n  line-height: 1.15em;\n  margin: 0.3em 0;\n} ._category h1 { font-size: 22px; } ._category h2 { font-size: 18px; } ._category {\n  border: 0;\n  border-bottom: 2px dashed rgba(0, 0, 0, .4);\n  margin: 10px 0 20px 0;\n} ._attribute {\n  border: 1px dashed rgba(0,0,0,0.3);\n  min-height: 2em;\n  line-height: 2em;\n  border-radius: 3px;\n  padding: 0 10px;\n  margin: 0.5em 0;\n} ._information {\n  color: rgb(106, 106, 106);\n  overflow-wrap: anywhere;\n  font-size: 14px;\n  font-style: italic;\n  line-height: 1.5;\n  text-align: justify;\n}"}},"pages":[{"config":{"name":"Credential"},"elements":[{"type":"row","elements":[{"type":"col","elements":[{"type":"oca-name","config":{"css":{"style":"font-size: 24px; font-weight: 700; margin-bottom: 10px;"}}}]}]},{"type":"row","elements":[{"type":"col","elements":[{"type":"oca-description","config":{"css":{"style":"font-size: 16px; font-weight: 300; line-height: 1.5;"}}}]}]},{"type":"row","elements":[{"type":"col","elements":[{"type":"label","name":"firstName"}]}]},{"type":"row","elements":[{"type":"col","elements":[{"type":"attribute","name":"firstName","config":{"css":{"classes":["_attribute"]}}}]}]},{"type":"row","elements":[{"type":"col","elements":[{"type":"information","name":"firstName","config":{"css":{"classes":["_information"]}}}]}]},{"type":"row","elements":[{"type":"col","elements":[{"type":"label","name":"surname"}]}]},{"type":"row","elements":[{"type":"col","elements":[{"type":"attribute","name":"surname","config":{"css":{"classes":["_attribute"]}}}]}]},{"type":"row","elements":[{"type":"col","elements":[{"type":"information","name":"surname","config":{"css":{"classes":["_information"]}}}]}]},{"type":"row","elements":[{"type":"col","elements":[{"type":"label","name":"timestamp"}]}]},{"type":"row","elements":[{"type":"col","elements":[{"type":"attribute","name":"timestamp","config":{"css":{"classes":["_attribute"]}}}]}]},{"type":"row","elements":[{"type":"col","elements":[{"type":"information","name":"timestamp","config":{"css":{"classes":["_information"]}}}]}]},{"type":"row","elements":[{"type":"col","elements":[{"type":"label","name":"blood_glucose"}]}]},{"type":"row","elements":[{"type":"col","elements":[{"type":"attribute","name":"blood_glucose","config":{"css":{"classes":["_attribute"]}}}]}]},{"type":"row","elements":[{"type":"col","elements":[{"type":"information","name":"blood_glucose","config":{"css":{"classes":["_information"]}}}]}]},{"type":"row","elements":[{"type":"col","elements":[{"type":"label","name":"country_code"}]}]},{"type":"row","elements":[{"type":"col","elements":[{"type":"attribute","name":"country_code","config":{"css":{"classes":["_attribute"]}}}]}]},{"type":"row","elements":[{"type":"col","elements":[{"type":"information","name":"country_code","config":{"css":{"classes":["_information"]}}}]}]}]}]}}