{"capture_base":"E9V_1S5JwM9HA5qut8xfKlZLKuZTCJlEzQFNJs4MbBuY","digest":"Ep7Xq1iml-gUYEd_jiSL2mojpMuA4LkQX_tP3-srfT6U","type":"spec/overlays/information/1.0","language":"fi","attribute_information":{"assigner":"Tunnisteen myöntänyt/hallinnut organisaatio.","code":"Kuvaa mitä havaittiin. Joskus tätä kutsutaan havainnon \"nimeksi\".","device":"Havaintotietojen tuottamiseen käytetty laite.","effectiveDateTime":"Havaitun arvon aika tai ajanjakso väitetään olevan tosi. Biologisille aiheille - esim. ihmispotilaat - tätä kutsutaan yleensä \"fysiologisesti merkitykselliseksi ajaksi\". Tämä on yleensä joko toimenpiteen tai näytteenoton aika, mutta hyvin usein päivämäärän/ajan lähdettä ei tiedetä, vain itse päivämäärä/aika.","identifier":"Tälle havainnolle määritetty yksilöllinen tunniste.","issued":"Päivämäärä ja kellonaika, jolloin tämä havainnon versio annettiin palveluntarjoajien saataville, yleensä sen jälkeen, kun tulokset on tarkistettu ja vahvistettu.","performer":"Kuka oli vastuussa havaitun arvon väittämisestä \"todeksi\".","profile":"Luettelo profiileista (viittaukset StructureDefinition-resursseihin), joita tämä resurssi väittää noudattavan. URL-osoite on viittaus osoitteeseen StructureDefinition.url","resourceType":"Perusresurssin tyyppi.","status":"Tulosarvon tila.","subject":"Potilas tai potilasryhmä, sijainti tai laite, josta tämä havainto liittyy ja jonka tietueeseen havainto on sijoitettu. Jos havainnon todellinen fokus on eri kuin kohde (tai kohteen näyte, osa tai alue), fokuselementti tai koodi itse määrittelee havainnon todellisen fokuksen.","valueQuantity_14745-4":"Havainnon tekemisen tuloksena määritetty tieto, jos tiedolla on yksinkertainen arvo.","valueQuantity_9059-7":"Havainnon tekemisen tuloksena määritetty tieto, jos tiedolla on yksinkertainen arvo."}}