{"capture_base":"E9V_1S5JwM9HA5qut8xfKlZLKuZTCJlEzQFNJs4MbBuY","digest":"ErvNYLeEQJwwpNdfSvrYAvztkF7iIYCHP12RA4_kbePA","type":"spec/overlays/credential_layout/1.0","layout":{"version":"beta-1","config":{"css":{"width":"630px","height":"1690px","style":".language-select {\n  margin: 2px 0;\n  background-color: white;\n  border-radius: 3px;\n  border-width: 1px;\n  width: 100px;\n  height: 1.75em;\n  float: right;\n} body {\n  background-color: white;\n  font-family: 'Lato', 'sans-serif';\n  color: rgb(87, 87, 86);\n  padding: 20px;\n  border: 1px solid rgba(0, 0, 0, .1);\n  border-radius: 5px;\n  box-shadow: 0 5px 8px 0 rgb(0 0 0 / 10%), 0 3px 10px 0 rgb(0 0 0 / 10%);\n} ._category h1, h2, h3, h4, h5, h6 {\n  font-size: 14px;\n  font-weight: 500;\n  line-height: 1.15em;\n  margin: 0.3em 0;\n} ._category h1 { font-size: 22px; } ._category h2 { font-size: 18px; } ._category {\n  border: 0;\n  border-bottom: 2px dashed rgba(0, 0, 0, .4);\n  margin: 10px 0 20px 0;\n} ._attribute {\n  border: 1px dashed rgba(0,0,0,0.3);\n  min-height: 2em;\n  line-height: 2em;\n  border-radius: 3px;\n  padding: 0 10px;\n  margin: 0.5em 0;\n} ._information {\n  color: rgb(106, 106, 106);\n  overflow-wrap: anywhere;\n  font-size: 14px;\n  font-style: italic;\n  line-height: 1.5;\n  text-align: justify;\n}"}},"pages":[{"config":{"name":"Credential"},"elements":[{"type":"row","elements":[{"type":"col","elements":[{"type":"oca-name","config":{"css":{"style":"font-size: 24px; font-weight: 700; margin-bottom: 10px;"}}}]}]},{"type":"row","elements":[{"type":"col","elements":[{"type":"oca-description","config":{"css":{"style":"font-size: 16px; font-weight: 300; line-height: 1.5;"}}}]}]},{"type":"row","elements":[{"type":"col","elements":[{"type":"label","name":"resourceType"}]}]},{"type":"row","elements":[{"type":"col","elements":[{"type":"attribute","name":"resourceType","config":{"css":{"classes":["_attribute"]}}}]}]},{"type":"row","elements":[{"type":"col","elements":[{"type":"information","name":"resourceType","config":{"css":{"classes":["_information"]}}}]}]},{"type":"row","elements":[{"type":"col","elements":[{"type":"label","name":"profile"}]}]},{"type":"row","elements":[{"type":"col","elements":[{"type":"attribute","name":"profile","config":{"css":{"classes":["_attribute"]}}}]}]},{"type":"row","elements":[{"type":"col","elements":[{"type":"information","name":"profile","config":{"css":{"classes":["_information"]}}}]}]},{"type":"row","elements":[{"type":"col","elements":[{"type":"label","name":"identifier"}]}]},{"type":"row","elements":[{"type":"col","elements":[{"type":"attribute","name":"identifier","config":{"css":{"classes":["_attribute"]}}}]}]},{"type":"row","elements":[{"type":"col","elements":[{"type":"information","name":"identifier","config":{"css":{"classes":["_information"]}}}]}]},{"type":"row","elements":[{"type":"col","elements":[{"type":"label","name":"assigner"}]}]},{"type":"row","elements":[{"type":"col","elements":[{"type":"attribute","name":"assigner","config":{"css":{"classes":["_attribute"]}}}]}]},{"type":"row","elements":[{"type":"col","elements":[{"type":"information","name":"assigner","config":{"css":{"classes":["_information"]}}}]}]},{"type":"row","elements":[{"type":"col","elements":[{"type":"label","name":"status"}]}]},{"type":"row","elements":[{"type":"col","elements":[{"type":"attribute","name":"status","config":{"css":{"classes":["_attribute"]}}}]}]},{"type":"row","elements":[{"type":"col","elements":[{"type":"information","name":"status","config":{"css":{"classes":["_information"]}}}]}]},{"type":"row","elements":[{"type":"col","elements":[{"type":"label","name":"code"}]}]},{"type":"row","elements":[{"type":"col","elements":[{"type":"attribute","name":"code","config":{"css":{"classes":["_attribute"]}}}]}]},{"type":"row","elements":[{"type":"col","elements":[{"type":"information","name":"code","config":{"css":{"classes":["_information"]}}}]}]},{"type":"row","elements":[{"type":"col","elements":[{"type":"label","name":"subject"}]}]},{"type":"row","elements":[{"type":"col","elements":[{"type":"attribute","name":"subject","config":{"css":{"classes":["_attribute"]}}}]}]},{"type":"row","elements":[{"type":"col","elements":[{"type":"information","name":"subject","config":{"css":{"classes":["_information"]}}}]}]},{"type":"row","elements":[{"type":"col","elements":[{"type":"label","name":"effectiveDateTime"}]}]},{"type":"row","elements":[{"type":"col","elements":[{"type":"attribute","name":"effectiveDateTime","config":{"css":{"classes":["_attribute"]}}}]}]},{"type":"row","elements":[{"type":"col","elements":[{"type":"information","name":"effectiveDateTime","config":{"css":{"classes":["_information"]}}}]}]},{"type":"row","elements":[{"type":"col","elements":[{"type":"label","name":"issued"}]}]},{"type":"row","elements":[{"type":"col","elements":[{"type":"attribute","name":"issued","config":{"css":{"classes":["_attribute"]}}}]}]},{"type":"row","elements":[{"type":"col","elements":[{"type":"information","name":"issued","config":{"css":{"classes":["_information"]}}}]}]},{"type":"row","elements":[{"type":"col","elements":[{"type":"label","name":"performer"}]}]},{"type":"row","elements":[{"type":"col","elements":[{"type":"attribute","name":"performer","config":{"css":{"classes":["_attribute"]}}}]}]},{"type":"row","elements":[{"type":"col","elements":[{"type":"information","name":"performer","config":{"css":{"classes":["_information"]}}}]}]},{"type":"row","elements":[{"type":"col","elements":[{"type":"label","name":"valueQuantity_14745-4"},{"type":"unit","name":"valueQuantity_14745-4"}]}]},{"type":"row","elements":[{"type":"col","elements":[{"type":"attribute","name":"valueQuantity_14745-4","config":{"css":{"classes":["_attribute"]}}}]}]},{"type":"row","elements":[{"type":"col","elements":[{"type":"information","name":"valueQuantity_14745-4","config":{"css":{"classes":["_information"]}}}]}]},{"type":"row","elements":[{"type":"col","elements":[{"type":"label","name":"valueQuantity_9059-7"},{"type":"unit","name":"valueQuantity_9059-7"}]}]},{"type":"row","elements":[{"type":"col","elements":[{"type":"attribute","name":"valueQuantity_9059-7","config":{"css":{"classes":["_attribute"]}}}]}]},{"type":"row","elements":[{"type":"col","elements":[{"type":"information","name":"valueQuantity_9059-7","config":{"css":{"classes":["_information"]}}}]}]},{"type":"row","elements":[{"type":"col","elements":[{"type":"label","name":"device"}]}]},{"type":"row","elements":[{"type":"col","elements":[{"type":"attribute","name":"device","config":{"css":{"classes":["_attribute"]}}}]}]},{"type":"row","elements":[{"type":"col","elements":[{"type":"information","name":"device","config":{"css":{"classes":["_information"]}}}]}]}]}]}}