{"capture_base":"E9V_1S5JwM9HA5qut8xfKlZLKuZTCJlEzQFNJs4MbBuY","digest":"Et0M8eu1kAaArm7lzrm-bLFGu-M7Weg4f36_WA02e7HE","type":"spec/overlays/entry/1.0","language":"fi","attribute_entries":{"code":{"14745-4":"Glukoosi [Moolia/tilavuus] Kehon nesteessä","9059-7":"Arvioitu hiilihydraattien saanti"},"profile":{"http":"//roche.com/fhir/rdc/StructureDefinition/medication-administration"},"resourceType":{"MedicationAdministration":"Lääkkeiden antaminen","Observation":"Havainto"},"status":{"amended":"Muutettu","completed":"Valmis","final":"Lopullinen","preliminary":"Alustava","registered":"Rekisteröity"}}}