{"capture_base":"E9V_1S5JwM9HA5qut8xfKlZLKuZTCJlEzQFNJs4MbBuY","digest":"Ew44r5rGw6BDIhlR4nXp4wFLg2RTM_8RSa3GYvTyrABM","type":"spec/overlays/information/1.0","language":"en","attribute_information":{"assigner":"Organization that issued/manages the identifier.","code":"Describes what was observed. Sometimes this is called the observation \"name\".","device":"The device used to generate the observation data.","effectiveDateTime":"The time or time-period the observed value is asserted as being true. For biological subjects - e.g. human patients - this is usually called the \"physiologically relevant time\". This is usually either the time of the procedure or of specimen collection, but very often the source of the date/time is not known, only the date/time itself.","identifier":"A unique identifier assigned to this observation.","issued":"The date and time this version of the observation was made available to providers, typically after the results have been reviewed and verified.","performer":"Who was responsible for asserting the observed value as \"true\".","profile":"A list of profiles (references to StructureDefinition resources) that this resource claims to conform to. The URL is a reference to StructureDefinition.url.","resourceType":"The type of base resource.","status":"The status of the result value.","subject":"The patient, or group of patients, location, or device this observation is about and into whose record the observation is placed. If the actual focus of the observation is different from the subject (or a sample of, part, or region of the subject), the focus element or the code itself specifies the actual focus of the observation.","valueQuantity_14745-4":"The information determined as a result of making the observation, if the information has a simple value.","valueQuantity_9059-7":"The information determined as a result of making the observation, if the information has a simple value."}}