{
  "files": {
    "[Ev_RaB-gIOn8VAB3sg40mINxjiYRxdLVQrgce0aZbFcc] character_encoding": "Ejb-92BFqHa-tp7hATleQcf-cGQvb9ehUSTj2mx3nudQ",
    "[Ev_RaB-gIOn8VAB3sg40mINxjiYRxdLVQrgce0aZbFcc] conformance": "EFrJqlo0NZ5KZqnKxswKajVBQkUUNbh8Lt4F9MJdLGWk",
    "[Ev_RaB-gIOn8VAB3sg40mINxjiYRxdLVQrgce0aZbFcc] credential_layout": "EiEjV-8LICbb1lKaSg19eG09ObnA7ac5BDc2TPqA3eJo",
    "[Ev_RaB-gIOn8VAB3sg40mINxjiYRxdLVQrgce0aZbFcc] entry (en)": "EXNKsATxKsdGciVEgU6sbvfdZa7adZqD3qwHG54fnIak",
    "[Ev_RaB-gIOn8VAB3sg40mINxjiYRxdLVQrgce0aZbFcc] entry_code": "EOWRkH2TZ2WDUh4iGZn3r7fzhqcQ72YWUD7cyLoAANl4",
    "[Ev_RaB-gIOn8VAB3sg40mINxjiYRxdLVQrgce0aZbFcc] form_layout": "EtOCiqgBeDp_TiI4BtOsyB3tdhxt2G8pV-Q1dpv-Ssug",
    "[Ev_RaB-gIOn8VAB3sg40mINxjiYRxdLVQrgce0aZbFcc] label (en)": "EsIP5JgWKJa0InwNdhHQQuvizAM7xXgatwfaUowSSkVo",
    "[Ev_RaB-gIOn8VAB3sg40mINxjiYRxdLVQrgce0aZbFcc] meta (en)": "ED_jJ3uQ7wBi8lkC60hYqiB7AYcR1uly808MXF8_lGzI",
    "[Ev_RaB-gIOn8VAB3sg40mINxjiYRxdLVQrgce0aZbFcc] unit": "EDbnZsPi5-NSg-DZ5hfucqDNSiOXdDW1RJerOD01b4U8",
    "capture_base-0": "Ev_RaB-gIOn8VAB3sg40mINxjiYRxdLVQrgce0aZbFcc"
  },
  "root": "Ev_RaB-gIOn8VAB3sg40mINxjiYRxdLVQrgce0aZbFcc"
}
