{
  "files": {
    "[Ev_RaB-gIOn8VAB3sg40mINxjiYRxdLVQrgce0aZbFcc] character_encoding": "E0AurGx9zUNfWmo-3A9Khs_KbjzH7CnMKEm5kf_2o1_M",
    "[Ev_RaB-gIOn8VAB3sg40mINxjiYRxdLVQrgce0aZbFcc] conformance": "EOHGvw_vcQSLpI05Cjf1bWbuTLpdqlP_exo4-1GcOWbY",
    "[Ev_RaB-gIOn8VAB3sg40mINxjiYRxdLVQrgce0aZbFcc] credential_layout": "EiEjV-8LICbb1lKaSg19eG09ObnA7ac5BDc2TPqA3eJo",
    "[Ev_RaB-gIOn8VAB3sg40mINxjiYRxdLVQrgce0aZbFcc] entry (en)": "Ew3y-gauxWOVipRcdR7xZo_WTITKXUkEXWQJ9Nqc9aeI",
    "[Ev_RaB-gIOn8VAB3sg40mINxjiYRxdLVQrgce0aZbFcc] entry_code": "EBI7kzt2ZLtDxa6VDWrCb1HJPxX0gX011xZ2-_dQyn5k",
    "[Ev_RaB-gIOn8VAB3sg40mINxjiYRxdLVQrgce0aZbFcc] form_layout": "EtOCiqgBeDp_TiI4BtOsyB3tdhxt2G8pV-Q1dpv-Ssug",
    "[Ev_RaB-gIOn8VAB3sg40mINxjiYRxdLVQrgce0aZbFcc] label (en)": "EJWHyyOnfRSK7g7jMzOTgmpxEFr3r8FjCOe5YWxkvHLg",
    "[Ev_RaB-gIOn8VAB3sg40mINxjiYRxdLVQrgce0aZbFcc] meta (en)": "ED_jJ3uQ7wBi8lkC60hYqiB7AYcR1uly808MXF8_lGzI",
    "[Ev_RaB-gIOn8VAB3sg40mINxjiYRxdLVQrgce0aZbFcc] unit": "EfQlPLPb9r0OMpQyZbOS8JlkLapeWSMv-Kbu2zAeH6JY",
    "capture_base-0": "Ev_RaB-gIOn8VAB3sg40mINxjiYRxdLVQrgce0aZbFcc"
  },
  "root": "Ev_RaB-gIOn8VAB3sg40mINxjiYRxdLVQrgce0aZbFcc"
}
