{
  "files": {
    "[EiOrlopRpEr0AoUTR6f6JanulaFAT3aqtG79ZyaNpdO4] character_encoding": "EWGi-7dUYwMXVSnApsO6-R4jjnFme8bP52CFbpGQH-XM",
    "[EiOrlopRpEr0AoUTR6f6JanulaFAT3aqtG79ZyaNpdO4] conformance": "EuZnoQLRJx-50EaYBOTxbPhR3b6Hq0IphWkULB3dNwmU",
    "[EiOrlopRpEr0AoUTR6f6JanulaFAT3aqtG79ZyaNpdO4] credential_layout": "EjcpS4TIVUkwPTFDsIEuTtXcMFCLs7bZ37bxY0jS9ilE",
    "[EiOrlopRpEr0AoUTR6f6JanulaFAT3aqtG79ZyaNpdO4] entry (en)": "EnHFzz5MyteWTVqBoAIML87JeOXb5ceC22xLhsaACsuo",
    "[EiOrlopRpEr0AoUTR6f6JanulaFAT3aqtG79ZyaNpdO4] entry_code": "E6d-9nBJCscywJ4qIn4UQsofGSDrNk1l3og3mhxZ8DAg",
    "[EiOrlopRpEr0AoUTR6f6JanulaFAT3aqtG79ZyaNpdO4] entry_code_mapping": "EPY-Irmi4IRMWmf05KdwscqTatONs78c1eGdepup5npE",
    "[EiOrlopRpEr0AoUTR6f6JanulaFAT3aqtG79ZyaNpdO4] form_layout": "EYOt6X4skL47m1_kuLfjwA5bMxwZnkoDhjInEirUcmSM",
    "[EiOrlopRpEr0AoUTR6f6JanulaFAT3aqtG79ZyaNpdO4] label (en)": "EvfKv10PQgk35gp0lPNdfZTzypSMdui5UeagTL0yhcec",
    "[EiOrlopRpEr0AoUTR6f6JanulaFAT3aqtG79ZyaNpdO4] mapping": "EnnIyhEjmjjgXJ_RnVScQ4dupNFyf9z2MNIJGPc-h4gc",
    "[EiOrlopRpEr0AoUTR6f6JanulaFAT3aqtG79ZyaNpdO4] meta (en)": "E-CN32-LMRhgqX4SRUJxGDJ1TxahfNxnhu60RafcGu4Q",
    "[EiOrlopRpEr0AoUTR6f6JanulaFAT3aqtG79ZyaNpdO4] unit": "ElRmXVKdMRzcd-tXZ8obYEpaX6wmvOVxB6BWuoLzxqTw",
    "capture_base-0": "EiOrlopRpEr0AoUTR6f6JanulaFAT3aqtG79ZyaNpdO4"
  },
  "root": "EiOrlopRpEr0AoUTR6f6JanulaFAT3aqtG79ZyaNpdO4"
}