{
  "files": {
    "EzMTX96ZkwRBzkUBI9c8jiXfHa6CfKJyrd6uH6vjIUZc": {
      "character_encoding": "EtoMSqjpxzDPAwkb46CclQDyo96NNt3af1f6TchpWXbw",
      "conformance": "EQ4lq64W3Txv3GusCXruj4dfFDZpOxhmCcrrqeuI826A",
      "entry (en)": "EercpKlACKzcxyKaXnAIZxZ0W1H0G8rPpcs02AaegxHA",
      "entry_code": "EYrVulwt6LitYrrdqQhgggRikTxxv8D2j-Rj4uOKr4QQ",
      "form_layout": "ENZLmeXoN8nSGIlN_oBoNYSRs9ksdzKVZPeRZifAtoY0",
      "label (en)": "EBc0U50e-Gh9Mu7v9dtmrl7i2V36MBzzwaBcn2wI4xr8",
      "meta (en)": "EblXuCckL6fX0EAOeL-c571tuGOFnPHTUrrpNm-TzEaw",
      "unit": "EE3Pnza45EMRCf8UOjDRYrIiUP3oSkj3ttvIcJ0oD4Xw"
    }
  },
  "root": "EzMTX96ZkwRBzkUBI9c8jiXfHa6CfKJyrd6uH6vjIUZc"
}