{
  "files": {
    "E9V_1S5JwM9HA5qut8xfKlZLKuZTCJlEzQFNJs4MbBuY": {
      "character_encoding": "EAgkrTWkdbsjulEKPVkx4_rtJ4a2DUs32pJWPV2Zz3Ow",
      "conditional": "EGz1LI09Zr91XhgFvybf7nnCrPKfHIYY6Qg4oqgfqXms",
      "conformance": "EyiCrlCKIX3L_a3o7xPND6--_B3vEYChhyGzSeNexl7E",
      "credential_layout": "ErvNYLeEQJwwpNdfSvrYAvztkF7iIYCHP12RA4_kbePA",
      "entry (en)": "EbypqaG_Bw_UthQmvBpAQQBfcmFHoua8UNxX16NWEW4M",
      "entry (fi)": "Et0M8eu1kAaArm7lzrm-bLFGu-M7Weg4f36_WA02e7HE",
      "entry_code": "EwltbQO5D1AEvDg8ETBo2mU0sYb09guSmWF3Vsi6WKfU",
      "form_layout": "EVxidSOpsxOC6V74ugnNZkluqJP69UVNC6LIfNKf30S4",
      "information (en)": "Ew44r5rGw6BDIhlR4nXp4wFLg2RTM_8RSa3GYvTyrABM",
      "information (fi)": "Ep7Xq1iml-gUYEd_jiSL2mojpMuA4LkQX_tP3-srfT6U",
      "label (en)": "Ebqc7a6YoqPTa7tEDcdrooLxpQXKsomhSRZ3gcOEt_cQ",
      "label (fi)": "EGjvm7jVYP9b246G2RJphUq_1enQohpZ528jophwKa4g",
      "meta (en)": "EU_bQGOvTgqRAUrMRvkn5xqVekHqRoa1TlUCI-AwulQU",
      "meta (fi)": "ECiutyysus_uw30b5hJcc_7BQnjFFtd69FKDGfDdwH2Y",
      "unit": "Exi7Z0KQ7OuI5KnXmJesI97D5BR7a6PC2zWrY0rjKZ7Y"
    }
  },
  "root": "E9V_1S5JwM9HA5qut8xfKlZLKuZTCJlEzQFNJs4MbBuY"
}