{
  "files": {
    "[EhiRoFhPmnBifwevNJNoWaSGUSqM-yEF2p4VRP5k_VUk] character_encoding": "EFNWBxyh_h2FGFMAY4bha2KL6FJ5o82zZJYlztovfGis",
    "[EhiRoFhPmnBifwevNJNoWaSGUSqM-yEF2p4VRP5k_VUk] conformance": "EK1i32evWyZnG6C_jmwRhi6j2HtSRPVGXvz3JcI93J9w",
    "[EhiRoFhPmnBifwevNJNoWaSGUSqM-yEF2p4VRP5k_VUk] credential_layout": "EjZsQfpmYZU8LtAwTHC5pw1d2HqjUPXYyZ3MmljuD1Ak",
    "[EhiRoFhPmnBifwevNJNoWaSGUSqM-yEF2p4VRP5k_VUk] entry_code": "E6NJz6Z_e5LE2SFyDDZkgRSh7yvbwuLcMrPFCoap0vd4",
    "[EhiRoFhPmnBifwevNJNoWaSGUSqM-yEF2p4VRP5k_VUk] form_layout": "EfVdX6G2HYzB_alW5CXUMwKDBQGNQyE3o-LQ1-EKsicM",
    "[EhiRoFhPmnBifwevNJNoWaSGUSqM-yEF2p4VRP5k_VUk] format": "ELTif4e6xpoEOY8eg_m6VI3R1-s1P9LXAYol_y0KyA-o",
    "[EhiRoFhPmnBifwevNJNoWaSGUSqM-yEF2p4VRP5k_VUk] meta (en)": "EKBGIRUQ9vzwK5nM5BZRsNPwxQRY770cG6jpDMCUvq-c",
    "capture_base-0": "EhiRoFhPmnBifwevNJNoWaSGUSqM-yEF2p4VRP5k_VUk"
  },
  "root": "EhiRoFhPmnBifwevNJNoWaSGUSqM-yEF2p4VRP5k_VUk"
}