{
  "files": {
    "[EKmZWuURpiUdl_YAMGQbLiossAntKt1DJ0gmUMYSz7Yo] character_encoding": "E8uBS_6nnpHPvl8PABEJowi41hYHz4St-cQAKbgAJO7A",
    "[EKmZWuURpiUdl_YAMGQbLiossAntKt1DJ0gmUMYSz7Yo] conformance": "EEAIKALc0l07hehXASMGeNEqEv03s9d8XgfXtngrSFzA",
    "[EKmZWuURpiUdl_YAMGQbLiossAntKt1DJ0gmUMYSz7Yo] credential_layout": "EQK-2d4u_E-ZJzGGq20HRV8NAT9IG-mDyDbJB5q5IWz8",
    "[EKmZWuURpiUdl_YAMGQbLiossAntKt1DJ0gmUMYSz7Yo] entry_code": "E1ubxzAFJrVil6RqHj2YK8o20YX3h__4sgyTQKdcoOvM",
    "[EKmZWuURpiUdl_YAMGQbLiossAntKt1DJ0gmUMYSz7Yo] form_layout": "E6DkHU8Tv1LdA0OOzo15viNqiO4XgIfud4Ir7LkVjKA4",
    "[EKmZWuURpiUdl_YAMGQbLiossAntKt1DJ0gmUMYSz7Yo] format": "EcURRNHxNSfvVm5Y1QbhG-rlcpNbVPO7q2sSozrNWukU",
    "[EKmZWuURpiUdl_YAMGQbLiossAntKt1DJ0gmUMYSz7Yo] meta (en)": "EvSpiDe3ZXAz8XMWCwHJBPsumrMUVkmLSXAyOxIe4G5g",
    "capture_base-0": "EKmZWuURpiUdl_YAMGQbLiossAntKt1DJ0gmUMYSz7Yo"
  },
  "root": "EKmZWuURpiUdl_YAMGQbLiossAntKt1DJ0gmUMYSz7Yo"
}