{
  "files": {
    "[EGKvvpidW_ytpxsdiPedznDTHAgoRL2iWBy0d2pfCSW8] character_encoding": "EwDV_aae6OtwDQsTOrfp9mYqWfr7FdcGVKJvcU7qOpQQ",
    "[EGKvvpidW_ytpxsdiPedznDTHAgoRL2iWBy0d2pfCSW8] conformance": "E5wIkK-szAwXvXnc7zHYKw8XEI01nJoMqrnKmamLmvxk",
    "[EGKvvpidW_ytpxsdiPedznDTHAgoRL2iWBy0d2pfCSW8] credential_layout": "EkRmSQ9soO0haPY7MyaFNaVIOrNlZ2kn3stigpZPdtNc",
    "[EGKvvpidW_ytpxsdiPedznDTHAgoRL2iWBy0d2pfCSW8] entry_code": "EjChhxjhhQeOI4B0oeqscQMk3741FX_nzX9nzhtAt4Y0",
    "[EGKvvpidW_ytpxsdiPedznDTHAgoRL2iWBy0d2pfCSW8] form_layout": "E5sr_CsauOcCm5Ajv3J5Rl1euntNZvsFrduqYVkiq3j8",
    "[EGKvvpidW_ytpxsdiPedznDTHAgoRL2iWBy0d2pfCSW8] format": "EdZkK7bJ_0b_mW7oPac6DdmwWxoFiGup2lG58a87CGeM",
    "[EGKvvpidW_ytpxsdiPedznDTHAgoRL2iWBy0d2pfCSW8] meta (en)": "Eg_SZVnj3LUkiNWCnL4CE3aBppJ59HAumsMf19hpHpQU",
    "[EGKvvpidW_ytpxsdiPedznDTHAgoRL2iWBy0d2pfCSW8] unit": "ETjqhkALxjA1Pbb55qwaZhozpkYPDQg135wrMuDOcP-Y",
    "capture_base-0": "EGKvvpidW_ytpxsdiPedznDTHAgoRL2iWBy0d2pfCSW8"
  },
  "root": "EGKvvpidW_ytpxsdiPedznDTHAgoRL2iWBy0d2pfCSW8"
}